job_name,last_success_at,updated_at
availability-materialization,2026-10-08 09:47:16.12,2026-10-08 09:47:16.12
booking-auto-completion,2026-10-08 15:59:05.159,2026-10-08 15:59:05.159
booking-expiry,2026-10-08 12:54:12.222,2026-10-08 12:54:12.222
checkout-sweep,2026-10-08 15:59:03.716,2026-10-08 15:59:03.716
earnings-release,2026-10-08 15:59:04.64,2026-10-08 15:59:04.64
email-outbox,2026-10-08 15:59:04.33,2026-10-08 15:59:04.33
facts-recheck,2026-10-08 09:47:16.805,2026-10-08 09:47:16.805
handoff-timers,2026-10-08 15:59:06.024,2026-10-08 15:59:06.024
itinerary-generation-sweep,2026-10-08 15:59:04.04,2026-10-08 15:59:04.04
leg-google-coords,2026-10-08 09:47:17.034,2026-10-08 09:47:17.034
legs-dayof-recheck,2026-10-08 15:59:06.304,2026-10-08 15:59:06.304
run-occasion-drafts,2026-10-08 09:06:13.509,2026-10-08 09:06:13.509
score-neighborhood-claims,2026-10-08 15:59:05.431,2026-10-08 15:59:05.431
stripe-reconciliation,2026-10-08 09:47:15.837,2026-10-08 09:47:15.837
travel-matrix-refresh,2026-10-08 09:47:16.398,2026-10-08 09:47:16.398
travelpayouts-report-poll,2026-10-08 12:54:12.774,2026-10-08 12:54:12.774
travelpulse-weekly,2026-10-08 09:47:16.609,2026-10-08 09:47:16.609
