source_id,name,program_page (partner / API / about),content_url (what the adapter reads),kind,adapter,markets,covers,does_not_cover,license_class,key_status,api_status,terms_url,terms_checked_at,terms_checked_by,active,notes
google_places,Google Places API,https://developers.google.com/maps/documentation/places,API: Places API (New) — Place Details / Nearby Search / Text Search endpoints (no page),partner api,api,global,"stop.hours, dining, neighbourhood","stop.ticketing, event, transport.intercity, transport.local",restricted,held (GOOGLE_MAPS_API_KEY),live,,,,no,Structured spine. Display inside plans next to a map only; cache <= 30 days; never a public directory. Enable Places API (New) on the same project as Routes.
booking_com,Booking.com affiliate,https://www.booking.com/affiliate-program/,API only via the existing hotel_cache writer (no page crawl; Booking terms forbid it),partner feed,affiliate_feed,global,lodging,"activity, transport.intercity, transport.local, dining",partner,not in production secrets (2026-09-28 list),"writer exists (hotel_cache), 0 Kyoto rows",,,,no,Feeds hotel_cache. Production census shows 0 Kyoto hotels: secrets missing or API failing; Replit [BookingCom] log check pending.
viator,Viator Partner API,https://partnerresources.viator.com/,https://www.viator.com/Kyoto/d332-ttd  (Kyoto things-to-do; verify destination id) — prefer Partner API,partner api,api,global,activity,"lodging, transport.intercity, transport.local, dining, event",partner,"held (VIATOR_API_KEY, VIATOR_SANDBOX_API_KEY)",key held; full Partner API access being requested,,,,no,Tours and experiences. Platform listings rank first; Viator fills gaps. Confirm which tier of access the key grants (affiliate vs merchant).
getyourguide,GetYourGuide Partner,https://partner.getyourguide.com/,https://www.getyourguide.com/kyoto-l96/  (verify location id) — prefer Partner API once approved,partner api,api,global,activity,"lodging, transport.intercity, transport.local, dining",partner,none,apply (Partner API + affiliate),,,,no,"Strong in Europe (Edinburgh, Porto) and Japan. Apply through the partner portal; API access is by approval."
klook,Klook Affiliate / Partner,https://affiliate.klook.com/,https://www.klook.com/city/29-kyoto/  (verify city id); JR Pass: https://www.klook.com/activity/1466-jr-pass-whole-japan/ (verify),partner api,affiliate_feed,"kyoto, mumbai, goa, jaipur","activity, stop.ticketing, transport.local, transport.intercity.rail, practicalities","lodging, dining, transport.cruise",partner,none,apply (affiliate program; partner API by application),,,,no,"Asia-strong. Covers attraction tickets, JR Pass and rail passes, airport transfers, SIM/WiFi. Best current answer for Japan rail passes; JR schedules still need the operator source."
musement,Musement (TUI),https://www.musement.com/,https://www.musement.com/us/porto/ ; https://www.musement.com/us/edinburgh/,partner feed,affiliate_feed,"edinburgh, porto","activity, stop.ticketing","lodging, transport.intercity, transport.local, dining",partner,held (MUSEMENT_AFFILIATE_ID),affiliate id held,,,,no,Europe-heavy activities and attraction tickets. Low value for Kyoto; keep for Porto and Edinburgh.
12go,12Go (via Travelpayouts),https://12go.asia/,https://12go.asia/en/travel/kyoto/osaka ; https://12go.asia/en/travel/mumbai/goa ; https://12go.asia/en/travel/delhi/jaipur,partner feed,affiliate_feed,"mumbai, goa, jaipur, kyoto","transport.intercity.bus, transport.intercity.ferry, transport.intercity.rail","transport.intercity.rail (Japan JR), transport.cruise, transport.local, lodging, activity",partner,via TRAVELPAYOUTS_TOKEN (held),confirm 12Go program is enabled in the Travelpayouts account,,,,no,"Bus, ferry and rail booking across South and Southeast Asia (Indian rail included). Does NOT sell JR trains or Japan Rail Pass; Japan coverage is thin. No cruises."
travelpayouts,Travelpayouts network,https://www.travelpayouts.com/,n/a — network; programs expose their own feeds/links,network,affiliate_feed,global,"transport.intercity, lodging, activity","stop.hours, stop.ticketing, dining, transport.local",partner,held (TRAVELPAYOUTS_TOKEN),live,,,,no,"Aggregator that carries 12Go, GetYourGuide, Klook and others as programs. A network row, not a fact source; register the programs you enable as their own rows."
impact,Impact network (Fever; Ticketmaster pending),https://app.impact.com/,Fever content pages: https://feverup.com/en/<city>  (Fever has no Kyoto city page; check coverage per market),network,affiliate_feed,global,"event, activity","lodging, transport.intercity, transport.local, dining, stop.hours",partner,"held (IMPACT_ACCOUNT_SID, IMPACT_AUTH_TOKEN)",Fever live; Ticketmaster application submitted 2026-09-28,,,,no,Fever content comes through here today. Ticketmaster affiliate approval is separate from its Discovery API key.
ticketmaster_discovery,Ticketmaster Discovery API,https://developer.ticketmaster.com/,API: /discovery/v2/events?latlong=..&radius=30&unit=km (no page),partner api,api,global,event,"lodging, activity, transport.intercity, transport.local, dining, stop.hours",partner,pending (TICKETMASTER_API_KEY not yet set),self-serve key,,,,no,"Coverage in our eight cities is thin (strong US/UK/parts of Europe; weak Japan, India, Colombia; Portugal partial). Run scripts/probe-ticketmaster-coverage.cjs before relying on it."
predicthq,PredictHQ,https://www.predicthq.com/,API only; internal signal (never displayed),partner api,api,global,event,everything else,restricted,held (PREDICTHQ_API_KEY),live (trend engine),,,,no,Terms forbid public display in raw form. Internal signal only (TravelPulse). Not a source for the events strip or plan facts shown to travelers.
besttime,BestTime,https://besttime.app/,API only (venue busyness forecasts),partner api,api,global,stop.hours,everything else,restricted,held (BESTTIME_API_KEY),live,,,,no,"Busy-hours forecasts, not opening hours. Useful for 'before the coaches arrive' timing inside plans. Check display terms before any public use."
xcaret,Grupo Xcaret parks,https://www.xcaret.com/,https://www.xcaret.com/en/  (parked),partner feed,affiliate_feed,(no current market),"activity, stop.ticketing","lodging, transport.intercity, transport.local, dining",partner,none,parked,,,,no,Mexico (Riviera Maya) parks. Not in any of the eight markets; register only if a Mexico market opens. Kept here so the idea isn't lost.
kyoto_travel,Kyoto City Official Travel Guide,https://kyoto.travel/en/,https://kyoto.travel/en/event/  (events); https://kyoto.travel/en/see-and-do/  (sites & areas); seasonal notices on the top page,official,tavily_extract,kyoto,"stop.hours, event, neighbourhood, practicalities","lodging, dining, transport.intercity, stop.ticketing",official,n/a,n/a,,,,no,"City tourism body. Seasonal notices, festival dates, area guides. Read terms before activating; prefer extract of specific pages over crawling."
jnto,Japan National Tourism Organization,https://www.japan.travel/en/,https://www.japan.travel/en/destinations/kansai/kyoto/ ; practicalities: https://www.japan.travel/en/plan/,official,tavily_extract,kyoto,"practicalities, event, stop.hours","lodging, dining, transport.local",official,n/a,n/a,,,,no,"National body. Practicalities (visa, SIM, money, etiquette) and major-site hours. JNTO also runs a press/media image library (separate terms)."
kyoto_city_transport,Kyoto City Transportation Bureau (bus & subway),https://www2.city.kyoto.lg.jp/kotsu/webguide/en/,"https://www2.city.kyoto.lg.jp/kotsu/webguide/en/  (routes, passes, last services) — this IS the content page",official,tavily_extract,kyoto,transport.local,"transport.intercity, lodging, activity",official,n/a,n/a,,,,no,"Bus and subway lines, passes, last services. Operator source for local transit facts."
jr_west,JR West,https://www.westjr.co.jp/global/en/,https://www.westjr.co.jp/global/en/timetable/  (timetables); fares & passes: https://www.westjr.co.jp/global/en/ticket/,official,tavily_extract,kyoto,transport.intercity.rail,"transport.local, lodging, activity",official,n/a,n/a (API later),,,,no,"Kyoto-Osaka-Kobe-Kansai Airport rail. Closes the JR gap that 12Go and Klook leave (schedules, not just passes)."
jr_central,JR Central,https://global.jr-central.co.jp/en/,https://global.jr-central.co.jp/en/info/timetable/  (Tokaido Shinkansen timetable),official,tavily_extract,kyoto,transport.intercity.rail,"transport.local, lodging, activity",official,n/a,n/a (API later),,,,no,"Tokaido Shinkansen (Tokyo-Kyoto). Same gap as JR West, eastbound."
kyoto_stop_official,Temple / shrine / museum official pages (one row per stop when registered),(per stop),"per stop, e.g. https://inari.jp/en/ ; https://www.kiyomizudera.or.jp/en/ ; https://www.shokoku-ji.jp/en/kinkakuji/  (hours/admission pages on each)",official,tavily_extract,kyoto,"stop.hours, stop.ticketing",everything else,official,n/a,n/a,,,,no,"Template row. Each registered stop page becomes its own row (e.g. Fushimi Inari, Kiyomizu-dera, Kinkaku-ji). Extract, never crawl; TTL 7 days for hours."
kyoto_editorial_1,Editorial local #1 (to choose),,"(to choose) — register the section index page (e.g. /kyoto/eat/), not the homepage",editorial,tavily_extract,kyoto,"tip, neighbourhood, dining","lodging, transport.intercity, stop.ticketing",editorial,n/a,n/a,,,,no,"Decision 4 in the brief. Candidates only after reading terms: a local English-language publication with a stable URL structure. Quotes capped by BLOG_QUOTE_MAX_CHARS; linked out, never republished."
visitscotland,VisitScotland,https://www.visitscotland.com/,https://www.visitscotland.com/things-to-do/events ; https://www.visitscotland.com/places-to-go/edinburgh,official,tavily_extract,edinburgh,"stop.hours, event, practicalities, neighbourhood","lodging, dining, transport.intercity",official,n/a,n/a,,,,no,Candidate; terms unchecked.
lothian_buses,Lothian Buses / Edinburgh Trams,https://www.lothianbuses.com/,https://www.lothianbuses.com/timetables-and-maps/,official,tavily_extract,edinburgh,transport.local,everything else,official,n/a,n/a,,,,no,Candidate; terms unchecked.
scotrail,ScotRail,https://www.scotrail.co.uk/,https://www.scotrail.co.uk/plan-your-journey/timetables,official,tavily_extract,edinburgh,transport.intercity.rail,everything else,official,n/a,n/a,,,,no,Candidate; terms unchecked.
visit_porto,Visit Porto (official),https://visitporto.travel/,https://visitporto.travel/en-GB/agenda  (events; verify path) ; https://visitporto.travel/en-GB/what-to-do,official,tavily_extract,porto,"stop.hours, event, neighbourhood, practicalities","lodging, dining, transport.intercity",official,n/a,n/a,,,,no,Candidate; terms unchecked.
porto_transit,STCP / Metro do Porto,https://www.metrodoporto.pt/,https://en.metrodoporto.pt/  (lines & schedules); STCP: https://www.stcp.pt/en/travel/,official,tavily_extract,porto,transport.local,everything else,official,n/a,n/a,,,,no,Candidate; terms unchecked.
cp_portugal,CP — Comboios de Portugal,https://www.cp.pt/,https://www.cp.pt/passageiros/en/train-times,official,tavily_extract,porto,transport.intercity.rail,everything else,official,n/a,n/a,,,,no,Candidate; terms unchecked.
idt_bogota,Instituto Distrital de Turismo (Bogotá),https://bogotadc.travel/,https://bogotadc.travel/en  (events & things to do sections; verify paths),official,tavily_extract,bogota,"stop.hours, event, neighbourhood, practicalities","lodging, dining, transport.intercity",official,n/a,n/a,,,,no,Candidate; terms unchecked.
transmilenio,TransMilenio,https://www.transmilenio.gov.co/,https://www.transmilenio.gov.co/loader.php?lServicio=Rutas  (routes; verify),official,tavily_extract,bogota,transport.local,everything else,official,n/a,n/a,,,,no,Candidate; terms unchecked.
cartagena_tourism,Corporación Turismo Cartagena de Indias,https://cartagenadeindias.travel/,https://cartagenadeindias.travel/  (events & sites sections; verify paths),official,tavily_extract,cartagena,"stop.hours, event, neighbourhood, practicalities","lodging, dining, transport.intercity",official,n/a,n/a,,,,no,Candidate; terms unchecked.
incredible_india,Incredible India (Ministry of Tourism),https://www.incredibleindia.gov.in/,https://www.incredibleindia.gov.in/en/destinations  (state/city pages),official,tavily_extract,"mumbai, goa, jaipur","practicalities, event, stop.hours","lodging, dining, transport.local",official,n/a,n/a,,,,no,Candidate; terms unchecked.
irctc,IRCTC (Indian Railways),https://www.irctc.co.in/,n/a — reference only; no automated access,official,manual,"mumbai, goa, jaipur",transport.intercity.rail,everything else,restricted,n/a,no public API for third parties,,,,no,Automated access is restricted; 12Go resells Indian rail. Keep as reference only; do not crawl.
goa_tourism,Goa Tourism (GTDC),https://goa-tourism.com/,https://goa-tourism.com/  (events & places sections; verify paths),official,tavily_extract,goa,"stop.hours, event, practicalities","lodging, dining, transport.intercity",official,n/a,n/a,,,,no,"Candidate; terms unchecked. Sunburn dates come from the organiser, not here."
rtdc_rajasthan,Rajasthan Tourism (RTDC),https://www.tourism.rajasthan.gov.in/,https://www.tourism.rajasthan.gov.in/jaipur.html  (verify),official,tavily_extract,jaipur,"stop.hours, event, practicalities","lodging, dining, transport.intercity",official,n/a,n/a,,,,no,Candidate; terms unchecked.
