source_id,market,role (roles_needed key),where they are found,lookup_url (where to look),kind,outreach method,in-platform path,license / etiquette note,contacted_at,contacted_by,outcome,notes
kyoto_licensed_guides,kyoto,tour_guide,"National Government Licensed Guide Interpreter registry (JNTO-listed associations, e.g. JFG / KSGG for Kansai)",JNTO guide-interpreter search: https://www.japan.travel/en/plan/guide-services/  (verify); Kansai associations via that listing,registry / association,email the association; ask to circulate the Ways to earn page to Kyoto members,/earn?role=service_provider (tour_guide),Licensed guides are the compliant in-person guiding role (expert catalog: in-person guiding is a provider role). Do not scrape member lists; ask the association to forward.,,,,Highest priority: the golden path's 'hand it to a local' and A6 suggestions need at least 2 approved guides with live listings.
kyoto_city_certified_guides,kyoto,tour_guide,Kyoto City Certified Tourist Guide programme (Kyoto Convention & Visitors Bureau),Kyoto CVB: https://www.kyoto.travel/en/  (guide programme page; verify path),registry,contact KCVB; request introduction to certified guides interested in independent bookings,/earn?role=service_provider (tour_guide),City programme; guides may be bound to KCVB booking channels. Ask before listing.,,,,
kyoto_charter_taxi,kyoto,private_transportation,MK Taxi / Yasaka Taxi charter desks; Kyoto Hire-Taxi Association,https://www.mk-group.co.jp/english/  (charter); Yasaka: https://www.yasaka.jp/english/  (verify),operator / association,direct email to charter desk; propose listing sightseeing charters as a bookable service,/earn?role=service_provider (private_transportation),Charter fares are regulated; list published charter rates only. Drivers cannot be individually recruited off an operator.,,,,
kyoto_photographers,kyoto,photography,"Independent photographers: Kyoto studios offering location shoots; JPS (Japan Professional Photographers Society) Kansai; Instagram location tags (manual, no scraping)",manual: search 'Kyoto photographer location shoot English' ; JPS: https://www.jps.gr.jp/  (Japanese),association / manual,"personal outreach by DM or email with the storefront pitch; two or three named people, not a list",/earn?role=service_provider (photography),No scraping of Instagram. One-to-one messages only; keep a log of who was contacted.,,,,Honeymoon / anniversary / proposal occasions all list photography in roles_needed.
kyoto_activity_hosts,kyoto,activity_provider,"Tea ceremony, cooking class, kimono, craft workshop hosts (many already list on Viator / Klook / GetYourGuide)",discovery: Viator/Klook/GetYourGuide Kyoto pages (see Sources content_url),partner listings (discovery only),"find hosts via partner listings, then approach them directly for a Traveloure listing at their own price",/earn?role=service_provider (activity_provider),"Partner listings are for discovering who exists; the Traveloure listing is theirs, priced by them. Never copy a partner listing's text.",,,,
kyoto_dining,kyoto,dining_venue,"Restaurants that take reservations for visitors (kaiseki, izakaya with English booking); reservation platforms (TableCheck, Omakase, Pocket Concierge) as discovery only",discovery: https://www.tablecheck.com/en/kyoto  ; https://pocket-concierge.jp/en/  (verify) — then go direct,venue / platform (discovery only),"approach venues directly; dining_venue listings hold a reservation policy and a price level, not a menu",/earn?role=service_provider (dining_venue),"Reservation platforms' terms forbid automated use; use them to find venues, then go direct. Expert nuggets carry reservation tips in plans.",,,,"The 'dining' need has no content source; this is where it gets covered, one venue at a time plus expert tips."
kyoto_golf,kyoto,activity_provider,Golf courses within reach of Kyoto (course offices; JGTO-listed clubs); golf travel operators,course sites via JGA course finder: https://www.jga.or.jp/  (Japanese); Kansai course lists on golf travel operators (discovery),venue / operator,contact course offices for visitor tee-time policies; list as bookable where they allow third-party booking,/earn?role=service_provider (activity_provider),Many private clubs require member introduction; list only courses that accept visitor bookings. golf-trip's primary anchor is the tee time (M7).,,,,
kyoto_ryokan_direct,kyoto,accommodation,Ryokan and small hotels that don't distribute through Booking.com (Kyoto Ryokan Association),Kyoto Ryokan Association: https://kyoto-ryokan.or.jp/  (verify; Japanese),association,ask the association to circulate; ryokan list rooms with tier and house rules through the property form,/earn?role=service_provider (accommodation),Properties set cancellation tier at property level (#1134). Rooms without tier inherit it.,,,,Only matters if Booking.com coverage stays thin; hotel_cache is the anchor source first.
kyoto_concierge,kyoto,concierge_vip,"Hotel concierge alumni, bilingual coordinators, relocation consultants (Les Clefs d'Or Japan for introductions)",Les Clefs d'Or Japan: https://www.lesclefsdor.jp/  (verify),association / manual,personal introductions; this role overlaps the expert 'coordination' tier,/earn?role=local_expert (coordination) or service_provider (concierge_vip),Reservation Lifeline and done-for-you booking are expert offerings; in-person accompaniment is a provider role. Point people to the right door.,,,,
edinburgh_guides,edinburgh,tour_guide,Scottish Tourist Guides Association (Blue Badge),https://www.stga.co.uk/,association,email the association,/earn?role=service_provider (tour_guide),Blue Badge is the recognised standard; ask the STGA to forward.,,,,Candidate; not contacted.
porto_guides,porto,tour_guide,Licensed guides via Turismo de Portugal registry (RNAAT operators; guia-intérprete),RNAAT registry: https://rnt.turismodeportugal.pt/  (verify); AGIC: https://www.agic.pt/  (verify),registry,contact registered operators; individual guides via AGIC (Portuguese guides association),/earn?role=service_provider (tour_guide),RNAAT registration is the compliance marker for activity operators.,,,,Candidate; not contacted.
bogota_guides,bogota,tour_guide,Registro Nacional de Turismo (RNT) guides; Bogotá guide associations,RNT: https://rnt.confecamaras.co/  (verify); IDT: https://bogotadc.travel/,registry,contact via IDT or associations,/earn?role=service_provider (tour_guide),RNT is mandatory for tourism services in Colombia; list only RNT-registered providers.,,,,Candidate; not contacted.
cartagena_guides,cartagena,tour_guide,RNT-registered guides and boat operators (Corporación Turismo Cartagena),RNT: https://rnt.confecamaras.co/  (verify); https://cartagenadeindias.travel/,registry,contact via the corporation,"/earn?role=service_provider (tour_guide, private_transportation)",RNT required. Boat trips to the islands are a transport + activity combination.,,,,Candidate; not contacted.
india_guides,"mumbai, goa, jaipur",tour_guide,Ministry of Tourism Regional Level Guides (RLG) / IITFC-certified guides; state tourism guide lists,Ministry of Tourism guide programme: https://tourism.gov.in/  (RLG / IITFC pages; verify),registry,contact via state tourism offices and guide associations,/earn?role=service_provider (tour_guide),Certified-guide lists exist per state; ask the office to circulate rather than copying lists.,,,,Candidate; not contacted.
india_drivers,"mumbai, goa, jaipur",private_transportation,Tourist-permit car operators (state tourism approved); Goa taxi associations,state tourism offices; Goa: https://goa-tourism.com/  (approved operators section; verify),operator / association,direct to operators with tourist permits,/earn?role=service_provider (private_transportation),"List operators, not individual drivers; tourist permit required.",,,,Candidate; not contacted.
all_markets_photographers,all,photography,Local photographer associations; wedding/photo studios listed on partner sites (discovery only),"per market, manual",association / manual,"personal outreach, two or three per market",/earn?role=service_provider (photography),No scraping; log contacts.,,,,Template row per market.
all_markets_event_vendors,all,"event_coordinator, caterer, florist, av_tech, rentals, venue","Wedding/event vendor directories (discovery only), venue sales offices, hotel banquet teams","per market, manual; venues first",directory (discovery only) / venue,"direct outreach; venues first, vendors via venues","/earn?role=service_provider (venue, event_coordinator, ...)","Directories' terms forbid automated use; use for discovery, go direct. Hosted events and Celebrations groups are Track B.",,,,Template row per market; not needed for the Kyoto Trips slice.
